{"id":" 1", "category":"", "description":" vitamin Food & Beverages Retail Goods Specialty", "price":" 0.03", "title":" mental Health Services Services Hospital", "age":" 1", "name":" Moondog Visions", "complex":" 1 Type1", "pin":"", "dateAndTime":" 02/01/1980"},

{"id":" 2", "category":"", "description":" tackle parts fishing Shopping Retail Goods Bicycles & Sporting Goods", "price":" 0.37", "title":" repair Professional Services Computer Services", "age":" 1", "name":" Polarbytes", "complex":" 3 Type2", "pin":"", "dateAndTime":" 03/01/1980"},

{"id":" 3", "category":" Drame", "description":" food covered crop Farming Manufacturing & Wholesale Goods Farm", "price":" 0.92", "title":" Restaurant Food & Drink", "age":" 1", "name":" Wellness Unlimited", "complex":" 5 Type1", "pin":"", "dateAndTime":" 04/01/1980"},

{"id":" 4", "category":" Horror", "description":" roofing contractor Building & Trades Services Construction", "price":" 0.99", "title":" church Organizations Services Religious Organization", "age":" 1", "name":" Herablife Distributor", "complex":" 7 Type2", "pin":"", "dateAndTime":" 05/01/1980"},

{"id":" 5", "category":" Comedy", "description":" publishing Manufacturing Manufacturing & Wholesale Goods Printing", "price":" 0.84", "title":" therapist massage Personal Services", "age":" 1", "name":" Berg Roofing", "complex":" 9 Type1", "pin":"", "dateAndTime":" 06/01/1980"},

{"id":" 6", "category":" Drame", "description":" consultant business Professional Services Management & Consulting", "price":" 0.71", "title":" federal Government Public Place Office", "age":" 1", "name":" Fireweed Tuxedo", "complex":" 11 Type2", "pin":" srch2_zzzzzzzzzz", "dateAndTime":" 07/01/1980"},

{"id":" 7", "category":" Horror", "description":" attorney Professional Services Lawyer & Legal Services", "price":" 0.26", "title":" control weight Personal Services", "age":" 1", "name":" Beachcomber's Three", "complex":" 13 Type1", "pin":" srch2_zzzzzzzzzz", "dateAndTime":" 08/01/1980"},

{"id":" 8", "category":" Comedy", "description":" shop Shopping Retail Goods Gifts & Souvenirs", "price":" 0.49", "title":" wear formal Personal Services", "age":" 1", "name":" Riggs Enterprises", "complex":" 15 Type2", "pin":" srch2_zzzzzzzzzz", "dateAndTime":" 09/01/1980"},

{"id":" 9", "category":" Drame", "description":" product ceramic Shopping Retail Goods Hobbies, Toys, & Games", "price":" 0.45", "title":" company Utilities Services Telephone", "age":" 1", "name":" Mini Stop", "complex":" 17 Type1", "pin":" srch2_zzzzzzzzzz", "dateAndTime":" 10/01/1980"},

{"id":" 10", "category":" Horror", "description":" equipment refrigeration Manufacturing Manufacturing & Wholesale Goods Tools & Machinery", "price":" 0.81", "title":" Restaurant Food & Drink", "age":" 1", "name":" Hair Effects", "complex":" 19 Type2", "pin":" srch2_zzzzzzzzzz", "dateAndTime":" 11/01/1980"},

{"id":" 11", "category":" Comedy", "description":" Food & Beverages Retail Goods Liquor & Beverages", "price":" 0.16", "title":" storage Freight Transportation", "age":" 1", "name":" Art House", "complex":" 1 Type1", "pin":" srch2_zzzzzzzzzz", "dateAndTime":" 12/01/1980"},

{"id":" 12", "category":" Drame", "description":" attorney Professional Services Lawyer & Legal Services", "price":" 0.23", "title":" Restaurant Food & Drink", "age":" 1", "name":" ENTRIX Inc", "complex":" 3 Type2", "pin":" srch2_zzzzzzzzzz", "dateAndTime":" 01/01/1981"},

{"id":" 13", "category":" Horror", "description":" tours promoter Travel Entertainment Travel Agent", "price":" 0.63", "title":" trucking Freight Transportation", "age":" 1", "name":" Bradley House", "complex":" 5 Type1", "pin":" srch2_zzzzzzzzzz", "dateAndTime":" 02/01/1981"},

{"id":" 14", "category":" Comedy", "description":" Food & Beverages Retail Goods Liquor & Beverages", "price":" 0.18", "title":" Personal Services Beauty Salon", "age":" 1", "name":" Spectrum Design", "complex":" 7 Type2", "pin":" srch2_zzzzzzzzzz", "dateAndTime":" 03/01/1981"},

{"id":" 15", "category":" Drame", "description":" Building & Trades Services Construction", "price":" 0.98", "title":" Government Public Place Office", "age":" 1", "name":" Alakota Ventures", "complex":" 9 Type1", "pin":" srch2_zzzzzzzzzz", "dateAndTime":" 04/01/1981"},

{"id":" 16", "category":" Horror", "description":" product asphalt Building & Trades Services Construction", "price":" 0.8", "title":" Personal Services Beauty Salon", "age":" 1", "name":" Helgeson Woodworking", "complex":" 11 Type2", "pin":"", "dateAndTime":" 05/01/1981"},

{"id":" 17", "category":" Comedy", "description":" Food & Beverages Retail Goods Groceries & Convenience Stores", "price":" 0.75", "title":" Personal Services Beauty Salon", "age":" 1", "name":" Sound Therapy", "complex":" 13 Type1", "pin":"", "dateAndTime":" 06/01/1981"},

{"id":" 18", "category":" Drame", "description":" baker Food & Beverages Retail Goods Bakery", "price":" 0.39", "title":" company Airline Transportation", "age":" 1", "name":" Denali Fenceworks", "complex":" 15 Type2", "pin":"", "dateAndTime":" 07/01/1981"},

{"id":" 19", "category":" Horror", "description":" home log cabin Manufacturing Manufacturing & Wholesale Goods Buildings", "price":" 0.31", "title":" environmental ecological Professional Services Research", "age":" 1", "name":" Hot Sheet", "complex":" 17 Type1", "pin":"", "dateAndTime":" 08/01/1981"},

{"id":" 20", "category":" Comedy", "description":" window metal frame mfg Manufacturing Manufacturing & Wholesale Goods Rubber & Plastics", "price":" 0.65", "title":" Restaurant Food & Drink", "age":" 1", "name":" Hillside Chalet", "complex":" 19 Type2", "pin":"", "dateAndTime":" 09/01/1981"},

{"id":" 21", "category":" Drame", "description":" painter Building & Trades Services Construction", "price":" 0.07", "title":" village Government Public Place Office", "age":" 1", "name":" Ann Miletich", "complex":" 1 Type1", "pin":"", "dateAndTime":" 10/01/1981"},

{"id":" 22", "category":" Horror", "description":" school instruction art Education Public Place Special Training", "price":" 0.73", "title":" therapist massage Personal Services", "age":" 1", "name":" Whirling Rainbow", "complex":" 3 Type2", "pin":"", "dateAndTime":" 11/01/1981"},

{"id":" 23", "category":" Comedy", "description":" interior consultant design decorator Professional Services Business Services", "price":" 0.79", "title":" truck Retail Services Auto Repair", "age":" 1", "name":" Precision Carbide", "complex":" 5 Type1", "pin":"", "dateAndTime":" 12/01/1981"},

{"id":" 24", "category":" Drame", "description":" glass window plate Home & Garden Retail Goods Building Materials", "price":" 0.32", "title":" agency adoption Social Services Services", "age":" 1", "name":" AFLAC", "complex":" 7 Type2", "pin":"", "dateAndTime":" 01/01/1982"},

{"id":" 25", "category":" Horror", "description":" Banks & Credit Unions Services Bank", "price":" 0.36", "title":" arts artist Professional Services", "age":" 1", "name":" Mc Donald's", "complex":" 9 Type1", "pin":"", "dateAndTime":" 02/01/1982"},

{"id":" 26", "category":" Comedy", "description":" consultant lighting Professional Services Management & Consulting", "price":" 0.54", "title":" towing Marine Transportation", "age":" 1", "name":" Calvary Church", "complex":" 11 Type2", "pin":"", "dateAndTime":" 03/01/1982"},

{"id":" 27", "category":" Drame", "description":" decor furniture accessory Wholesale Manufacturing & Wholesale Goods Home Furnishings", "price":" 0.3", "title":" Communications Services", "age":" 1", "name":" Garden Montessori", "complex":" 13 Type1", "pin":"", "dateAndTime":" 04/01/1982"},

{"id":" 28", "category":" Horror", "description":" woodworker Building & Trades Services Construction", "price":" 0.56", "title":" sharpening Retail Services Repair Shop", "age":" 1", "name":" Pet Palace", "complex":" 15 Type2", "pin":"", "dateAndTime":" 05/01/1982"},

{"id":" 29", "category":" Comedy", "description":" Banks & Credit Unions Services Bank", "price":" 0.41", "title":" Insurance Services Insurance Agent", "age":" 1", "name":" Balloonatics", "complex":" 17 Type1", "pin":"", "dateAndTime":" 06/01/1982"},

{"id":" 30", "category":" Drame", "description":" youth organization center Social Services Services", "price":" 0.93", "title":" dentist Health Services Services Doctor", "age":" 1", "name":" Kenai Welding", "complex":" 19 Type2", "pin":"", "dateAndTime":" 07/01/1982"},

{"id":" 31", "category":" Horror", "description":" body automobile painting Retail Services Auto Repair", "price":" 0.95", "title":" village Government Public Place Office", "age":" 1", "name":" Columbia Bar", "complex":" 1 Type1", "pin":"", "dateAndTime":" 08/01/1982"},

{"id":" 32", "category":" Comedy", "description":" breeder horse Retail Services Animal Services", "price":" 0.21", "title":" Shopping Retail Goods Pharmacy", "age":" 1", "name":" Hodgson Mechanical", "complex":" 3 Type2", "pin":"", "dateAndTime":" 09/01/1982"},

{"id":" 33", "category":" Drame", "description":" midwife Health Services Services Health Practitioner", "price":" 0.72", "title":" Education Public Place School", "age":" 1", "name":" Hanco Imports", "complex":" 5 Type1", "pin":"", "dateAndTime":" 10/01/1982"},

{"id":" 34", "category":" Horror", "description":" fencing guardrail contractor fence supply Building & Trades Services Construction", "price":" 0.04", "title":" Restaurant Food & Drink", "age":" 1", "name":" Gravity Paul", "complex":" 7 Type2", "pin":"", "dateAndTime":" 11/01/1982"},

{"id":" 35", "category":" Comedy", "description":" breakfast accommodation bed Travel Entertainment Hotels & Motels", "price":" 0.97", "title":" church Organizations Services Religious Organization", "age":" 1", "name":" Juliet", "complex":" 9 Type1", "pin":"", "dateAndTime":" 12/01/1982"},

{"id":" 36", "category":" Drame", "description":" newspaper Manufacturing Manufacturing & Wholesale Goods Printing", "price":" 0.67", "title":" Insurance Services Insurance Agent", "age":" 1", "name":" Afro", "complex":" 11 Type2", "pin":"", "dateAndTime":" 01/01/1983"},

{"id":" 37", "category":" Horror", "description":" Shopping Retail Goods Clothing, Apparel, & Fashions", "price":" 0.61", "title":" pet shop Shopping Retail Goods", "age":" 1", "name":" Harry Potter", "complex":" 13 Type1", "pin":"", "dateAndTime":" 02/01/1983"},

{"id":" 38", "category":" Comedy", "description":" Real Estate Services Real Estate Agent", "price":" 0.83", "title":" welding Retail Services Repair Shop", "age":" 1", "name":" Harry Potter", "complex":" 15 Type2", "pin":"", "dateAndTime":" 03/01/1983"},

{"id":" 39", "category":" Drame", "description":" field public relations Mining & Drilling Manufacturing & Wholesale Goods", "price":" 0.48", "title":" Men & Women Ctr", "age":" 1", "name":" Harry Potter", "complex":" 17 Type1", "pin":"", "dateAndTime":" 04/01/1983"},

{"id":" 40", "category":" Horror", "description":" apartment Real Estate Services Real Estate Operator", "price":" 0.47", "title":" Last Frontier Restaurant", "age":" 1", "name":" Harry Potter", "complex":" 19 Type2", "pin":"", "dateAndTime":" 05/01/1983"},

{"id":" 41", "category":" Comedy", "description":" engine Home & Garden Retail Goods Garden Supply", "price":" 0.14", "title":" TAKU Reel Repair", "age":" 1", "name":" Patton", "complex":" 1 Type1", "pin":"", "dateAndTime":" 06/01/1983"},

{"id":" 42", "category":" Drame", "description":" roofing contractor Building & Trades Services Construction", "price":" 0.88", "title":" Alaska Winter Gardens", "age":" 1", "name":" Charlie's Angels", "complex":" 3 Type2", "pin":"", "dateAndTime":" 07/01/1983"},

{"id":" 43", "category":" Horror", "description":" alternative care Health Services Services Clinic", "price":" 0.66", "title":" Goldstream Valley Bapt Chapel", "age":" 1", "name":" Orange juice", "complex":" 5 Type1", "pin":"", "dateAndTime":" 08/01/1983"},

{"id":" 44", "category":" Comedy", "description":" personal massage devices mfg Manufacturing Manufacturing & Wholesale Goods Rubber & Plastics", "price":" 0.85", "title":" US Airway Facilities Sector", "age":" 1", "name":" Antiziganism", "complex":" 7 Type2", "pin":"", "dateAndTime":" 09/01/1983"},

{"id":" 45", "category":" Drame", "description":" attorney Professional Services Lawyer & Legal Services", "price":" 0.42", "title":" S&J Publishing Ink", "age":" 1", "name":" Gooseberry", "complex":" 9 Type1", "pin":"", "dateAndTime":" 10/01/1983"},

{"id":" 46", "category":" Horror", "description":" accountant Professional Services Accounting & Tax Preparation", "price":" 0.33", "title":" Trust Consultants Inc", "age":" 1", "name":" Blade Runner", "complex":" 11 Type2", "pin":"", "dateAndTime":" 11/01/1983"},

{"id":" 47", "category":" Comedy", "description":" car dealer Autos & Motor Vehicles Retail Goods Automobile Sales", "price":" 0.58", "title":" James D Babb Law Offices", "age":" 1", "name":" Blade Runner", "complex":" 13 Type1", "pin":"", "dateAndTime":" 12/01/1983"},

{"id":" 48", "category":" Drame", "description":" contractor Wholesale Manufacturing & Wholesale Goods Machinery & Supplies", "price":" 0.53", "title":" Malfunction Junction Gifts", "age":" 1", "name":" Iron Maiden", "complex":" 15 Type2", "pin":"", "dateAndTime":" 01/01/1984"},

{"id":" 49", "category":" Horror", "description":" baker Food & Beverages Retail Goods Bakery", "price":" 0.87", "title":" Margals Associates Ceramics", "age":" 1", "name":" Guinness", "complex":" 17 Type1", "pin":"", "dateAndTime":" 02/01/1984"},

{"id":" 50", "category":" Comedy", "description":" kindergarten academic school Social Services Services Child Care", "price":" 0.08", "title":" Coastal Refrigeration Mfg", "age":" 1", "name":" Guinness", "complex":" 19 Type2", "pin":"", "dateAndTime":" 03/01/1984"},

{"id":" 51", "category":" Drame", "description":" equipment moving supply Retail Services Auto Rental", "price":" 0.11", "title":" Thrifty Liquor Store", "age":" 1", "name":" Rhubarb", "complex":" 1 Type1", "pin":"", "dateAndTime":" 04/01/1984"},

{"id":" 52", "category":" Horror", "description":" automobile parts Autos & Motor Vehicles Retail Goods Auto Supplies", "price":" 0.91", "title":" Una S Gandbhir", "age":" 1", "name":" Titanic", "complex":" 3 Type2", "pin":"", "dateAndTime":" 05/01/1984"},

{"id":" 53", "category":" Comedy", "description":" mfg made custom Manufacturing Manufacturing & Wholesale Goods Watercraft", "price":" 0.43", "title":" Alaska Power & Telephone Co", "age":" 1", "name":" Titanic", "complex":" 5 Type1", "pin":"", "dateAndTime":" 06/01/1984"},

{"id":" 54", "category":" Drame", "description":" party supply Shopping Retail Goods Gifts & Souvenirs", "price":" 0.22", "title":" Last Chance Tours", "age":" 1", "name":" Pearl Jam", "complex":" 7 Type2", "pin":"", "dateAndTime":" 07/01/1984"},

{"id":" 55", "category":" Horror", "description":" equipment rental road Building & Trades Services Construction", "price":" 0.01", "title":" Shelikof Lodge Restaurant", "age":" 1", "name":" True Grit", "complex":" 9 Type1", "pin":"", "dateAndTime":" 08/01/1984"},

{"id":" 56", "category":" Comedy", "description":" newspaper Manufacturing Manufacturing & Wholesale Goods Printing", "price":" 0.19", "title":" AAA Muldoon Mini Storage", "age":" 1", "name":" Cortado", "complex":" 11 Type2", "pin":"", "dateAndTime":" 09/01/1984"},

{"id":" 57", "category":" Drame", "description":" engine Wholesale Manufacturing & Wholesale Goods Machinery & Supplies", "price":" 0.52", "title":" Ron's Liquor & Convenience", "age":" 1", "name":" Tattoo", "complex":" 13 Type1", "pin":"", "dateAndTime":" 10/01/1984"},

{"id":" 58", "category":" Horror", "description":" Bars & Pubs Food & Drink", "price":" 0.62", "title":" Anchorage Prtctive Catings Inc", "age":" 1", "name":" South Park", "complex":" 15 Type2", "pin":"", "dateAndTime":" 11/01/1984"},

{"id":" 59", "category":" Comedy", "description":" physician Health Services Services Health Practitioner", "price":" 0.24", "title":" Senator Gary Stevens", "age":" 1", "name":" David Cameron", "complex":" 17 Type1", "pin":"", "dateAndTime":" 12/01/1984"},

{"id":" 60", "category":" Drame", "description":" contractor Wholesale Manufacturing & Wholesale Goods Machinery & Supplies", "price":" 0.15", "title":" Alaska Sure Seal", "age":" 1", "name":" David Cameron", "complex":" 19 Type2", "pin":"", "dateAndTime":" 01/01/1985"},

{"id":" 61", "category":" Horror", "description":" Building & Trades Services Plumbing", "price":" 0.64", "title":" Wonder Hostess Thrift Store", "age":" 1", "name":" Londis", "complex":" 1 Type1", "pin":"", "dateAndTime":" 02/01/1985"},

{"id":" 62", "category":" Comedy", "description":" representative manufacturer Wholesale Manufacturing & Wholesale Goods Durable Goods & Equipment", "price":" 0.46", "title":" Superior Products Inc", "age":" 1", "name":" Welsh cake", "complex":" 3 Type2", "pin":"", "dateAndTime":" 03/01/1985"},

{"id":" 63", "category":" Drame", "description":" L A Style & Retail Ctr", "price":" 0.51", "title":" Alaska Window Co", "age":" 1", "name":" Porridge", "complex":" 5 Type1", "pin":"", "dateAndTime":" 04/01/1985"},

{"id":" 64", "category":" Horror", "description":" Alaskan Frontier Gardens B & B", "price":" 0.78", "title":" Rebecca Kinney's Beauty Supply", "age":" 1", "name":" Casablanca", "complex":" 7 Type2", "pin":"", "dateAndTime":" 05/01/1985"},

{"id":" 65", "category":" Comedy", "description":" American television series that premiered on the Fox network on January 21, 2009", "price":" 0.94", "title":" Rogers Painting Svc", "age":" 1", "name":" Bear McCreary", "complex":" 9 Type1", "pin":"", "dateAndTime":" 06/01/1985"},

{"id":" 66", "category":" Drame", "description":" A hairstyle worn naturally by people with lengthy, kinky hair texture", "price":" 0.05", "title":" Silk Road Rugs", "age":" 1", "name":" Solitaire", "complex":" 11 Type2", "pin":"", "dateAndTime":" 07/01/1985"},

{"id":" 67", "category":" Horror", "description":" A 1985 adventure drama film directed and produced by Sydney Pollack", "price":" 0.9", "title":" LAB Flying Svc Inc", "age":" 1", "name":" AeroPress", "complex":" 13 Type1", "pin":"", "dateAndTime":" 08/01/1985"},

{"id":" 68", "category":" Comedy", "description":" A 1985 adventure drama film directed and produced by Sydney Pollack", "price":" 0.74", "title":" Rival Glass Co", "age":" 1", "name":" Crusades", "complex":" 15 Type2", "pin":"", "dateAndTime":" 09/01/1985"},

{"id":" 69", "category":" Drame", "description":" Film series based on the seven Harry Potter novels by British author J.K. Rowling", "price":" 0.76", "title":" Wells Fargo Bank", "age":" 1", "name":" Karma Police", "complex":" 17 Type1", "pin":"", "dateAndTime":" 10/01/1985"},

{"id":" 70", "category":" Horror", "description":" Film series based on the seven Harry Potter novels by British author J.K. Rowling", "price":" 0.4", "title":" Credit Union 1", "age":" 1", "name":" Himalayas", "complex":" 19 Type2", "pin":"", "dateAndTime":" 11/01/1985"},

{"id":" 71", "category":" Comedy", "description":" Film series based on the seven Harry Potter novels by British author J.K. Rowling", "price":" 0.28", "title":" Matanuska Susitna Purchasing", "age":" 1", "name":" Nineteen Eighty-Four", "complex":" 1 Type1", "pin":"", "dateAndTime":" 12/01/1985"},

{"id":" 72", "category":" Drame", "description":" Film series based on the seven Harry Potter novels by British author J.K. Rowling", "price":" 0.35", "title":" Camp Fire Birch Park", "age":" 1", "name":" Nineteen Eighty-Four", "complex":" 3 Type2", "pin":"", "dateAndTime":" 01/01/1986"},

{"id":" 73", "category":" Horror", "description":" A 1970 American biographical war film about U.S. General George S. Patton during World War II", "price":" 0.55", "title":" AAA Lundeen's Body Shop", "age":" 1", "name":" Nineteen Eighty-Four", "complex":" 5 Type1", "pin":"", "dateAndTime":" 02/01/1986"},

{"id":" 74", "category":" Comedy", "description":" A comedy film directed by Frank Capra", "price":" 0.38", "title":" Amazing Grace Miniature Horses", "age":" 1", "name":" Cadbury", "complex":" 7 Type2", "pin":"", "dateAndTime":" 03/01/1986"},

{"id":" 75", "category":" Drame", "description":" A comedy film directed by Frank Capra", "price":" 0.5", "title":" Sandra L Clapper", "age":" 1", "name":" Green curry", "complex":" 9 Type1", "pin":"", "dateAndTime":" 04/01/1986"},

{"id":" 76", "category":" Horror", "description":" A 2000 American action comedy film", "price":" 0.2", "title":" Mad Hatter Geoffrey", "age":" 1", "name":" Reservoir Dogs", "complex":" 11 Type2", "pin":"", "dateAndTime":" 05/01/1986"},

{"id":" 77", "category":" Comedy", "description":" Hostility, prejudice or racism directed at the Romani people, or Gypsies", "price":" 0.69", "title":" Remote Property Inc", "age":" 1", "name":" Pacifism", "complex":" 13 Type1", "pin":"", "dateAndTime":" 06/01/1986"},

{"id":" 78", "category":" Drame", "description":" upcoming 2011 American drama film featuring some surreal and sci-fi elements and starring Brad Pitt, Sean Penn and Jessica Chastain", "price":" 0.44", "title":" Schlumberger Oilfield Services", "age":" 1", "name":" Fattoush", "complex":" 15 Type2", "pin":"", "dateAndTime":" 07/01/1986"},

{"id":" 79", "category":" Horror", "description":" species of Ribes, native to Europe, northwestern Africa and southwestern Asia", "price":" 0.34", "title":" Lennie Taylor Shop", "age":" 1", "name":" Mallorca", "complex":" 17 Type1", "pin":"", "dateAndTime":" 08/01/1986"},

{"id":" 80", "category":" Comedy", "description":" A 1982 American science fiction film", "price":" 0.17", "title":" Juneau Home Studies", "age":" 1", "name":" Dilbert", "complex":" 19 Type2", "pin":"", "dateAndTime":" 09/01/1986"},

{"id":" 81", "category":" Drame", "description":" A 1982 American science fiction film", "price":" 0.06", "title":" Rod's Saw Shop", "age":" 1", "name":" Profanity", "complex":" 1 Type1", "pin":"", "dateAndTime":" 10/01/1986"},

{"id":" 82", "category":" Horror", "description":" A 1939 American film, a historical epic and romance-drama", "price":" 0.1", "title":" Novakovichs Enterprises Inc", "age":" 1", "name":" Marilyn Lange", "complex":" 3 Type2", "pin":"", "dateAndTime":" 11/01/1986"},

{"id":" 83", "category":" Comedy", "description":" English heavy metal band from Leyton in east London, formed in 1975 by bassist and primary songwriter Steve Harris", "price":" 0.13", "title":" Omni Massage Systems", "age":" 1", "name":" TMZ.com", "complex":" 5 Type1", "pin":"", "dateAndTime":" 12/01/1986"},

{"id":" 84", "category":" Drame", "description":" group of plants that belong to the genus Rheum in the family Polygonaceae", "price":" 0.89", "title":" Ame W Ivanov", "age":" 1", "name":" Democratic socialism", "complex":" 7 Type2", "pin":"", "dateAndTime":" 01/01/1987"},

{"id":" 85", "category":" Horror", "description":" A 1997 American epic romance and disaster film directed by James Cameron", "price":" 0.29", "title":" Island Provider Transportation", "age":" 1", "name":" Chevy Chase", "complex":" 9 Type1", "pin":"", "dateAndTime":" 02/01/1987"},

{"id":" 86", "category":" Comedy", "description":" A 1997 American epic romance and disaster film directed by James Cameron", "price":" 0.86", "title":" Alaska Communications Systems", "age":" 1", "name":" Fort Boyard", "complex":" 11 Type2", "pin":"", "dateAndTime":" 03/01/1987"},

{"id":" 87", "category":" Drame", "description":" American rock band that formed in Seattle, Washington, in 1990", "price":" 0.0", "title":" Penn Cal & Assoc", "age":" 1", "name":" Animal Farm", "complex":" 13 Type1", "pin":"", "dateAndTime":" 04/01/1987"},

{"id":" 88", "category":" Horror", "description":" A 1946 American comedy/drama film", "price":" 0.7", "title":" Seekins Ford Lincoln Mercury", "age":" 1", "name":" Derek Laud", "complex":" 15 Type2", "pin":"", "dateAndTime":" 05/01/1987"},

{"id":" 89", "category":" Comedy", "description":" 2010 American Western film written and directed by the Coen brothers", "price":" 0.68", "title":" Mark J Mc Lean DDS", "age":" 1", "name":" Labyrinth", "complex":" 17 Type1", "pin":"", "dateAndTime":" 06/01/1987"},

{"id":" 90", "category":" Drame", "description":" novel by Nobel Prize winner John Steinbeck, published in September 1952", "price":" 0.96", "title":" Alaska Equipment Rental & Sls", "age":" 1", "name":" Central Line", "complex":" 19 Type2", "pin":"", "dateAndTime":" 07/01/1987"},

{"id":" 91", "category":" Horror", "description":" espresso "cut" with a small amount of warm milk to reduce the acidity", "price":" 0.57", "title":" Kodiak City Personnel", "age":" 1", "name":" Parmigiana", "complex":" 1 Type1", "pin":"", "dateAndTime":" 08/01/1987"},

{"id":" 92", "category":" Comedy", "description":" marking made by inserting indelible ink into the dermis layer of the skin to change the pigment for decorative or other reasons", "price":" 0.12", "title":" Prescription Center Pharmacy", "age":" 1", "name":" Noah's Ark", "complex":" 3 Type2", "pin":"", "dateAndTime":" 09/01/1987"},

{"id":" 93", "category":" Drame", "description":" American animated sitcom created by Trey Parker and Matt Stone for the Comedy Central television network", "price":" 0.02", "title":" Arctic Light Elementary", "age":" 1", "name":" Cheerios", "complex":" 5 Type1", "pin":"", "dateAndTime":" 10/01/1987"},

{"id":" 94", "category":" Horror", "description":" The current Prime Minister of the United Kingdom", "price":" 0.27", "title":" Prescription Service Of Alaska", "age":" 1", "name":" Cheerios", "complex":" 7 Type2", "pin":"", "dateAndTime":" 11/01/1987"},

{"id":" 95", "category":" Comedy", "description":" The current Prime Minister of the United Kingdom", "price":" 0.6", "title":" Bear Claw Bakery", "age":" 1", "name":" Cheerios", "complex":" 9 Type1", "pin":"", "dateAndTime":" 12/01/1987"},

{"id":" 96", "category":" Drame", "description":" A 1980 American comedy film based on semi-biographical stories by Hunter S. Thompson", "price":" 0.77", "title":" Fleenor Paper Co", "age":" 1", "name":" Skateboarding", "complex":" 11 Type2", "pin":"", "dateAndTime":" 01/01/1988"},

{"id":" 97", "category":" Horror", "description":" dish made by boiling oats or other cereal meals in water, milk, or both", "price":" 0.59", "title":" NAPA Auto Parts", "age":" 1", "name":" Duke Cunningham", "complex":" 13 Type1", "pin":"", "dateAndTime":" 02/01/1988"},

{"id":" 98", "category":" Comedy", "description":" seven-piece band from Wellington, New Zealand", "price":" 0.09", "title":" Airboats R US Inc", "age":" 1", "name":" Duke Cunningham", "complex":" 15 Type2", "pin":"", "dateAndTime":" 03/01/1988"},

{"id":" 99", "category":" Drame", "description":" city in western Morocco, located on the Atlantic Ocean", "price":" 0.25", "title":" World Equipment Inc", "age":" 1", "name":" Portishead", "complex":" 17 Type1", "pin":"", "dateAndTime":" 04/01/1988"},

{"id":" 100", "category":" Horror", "description":" classically-trained American composer and musician living in Los Angeles, California", "price":" 0.82", "title":" Seward Phoenix Log", "age":" 1", "name":" Portishead", "complex":" 19 Type2", "pin":"", "dateAndTime":" 05/01/1988"}
