{"numerical1":" 10", "text1":" Moondog Visions", "text2":" price 1.2", "datetime1":" 02/06/1982 05:00:00", "stops1":" i"},

{"numerical1":" 9", "text1":" HELLO Polarbytes", "text2":" price 1.201", "datetime1":" 01/06/1982 00:00:00", "stops1":" me"},

{"numerical1":" 8", "text1":" GOODBYE Wellness Unlimited", "text2":" price 1.202", "datetime1":" 12/05/1981 19:00:00", "stops1":" my"},

{"numerical1":" 7", "text1":" HELLO Herablife Distributor", "text2":" price 1.203", "datetime1":" 11/05/1981 14:00:00", "stops1":" myself"},

{"numerical1":" 6", "text1":" GOODBYE Berg Roofing", "text2":" price 1.204", "datetime1":" 10/05/1981 09:00:00", "stops1":" we"},

{"numerical1":" 5", "text1":" HELLO Fireweed Tuxedo", "text2":" price 1.205", "datetime1":" 09/05/1981 04:00:00", "stops1":" our"},

{"numerical1":" 4", "text1":" GOODBYE Beachcomber's Three", "text2":" price 1.206", "datetime1":" 08/04/1981 23:00:00", "stops1":" ours"},

{"numerical1":" 3", "text1":" HELLO Riggs Enterprises", "text2":" price 1.207", "datetime1":" 07/04/1981 18:00:00", "stops1":" ourselves"},

{"numerical1":" 2", "text1":" GOODBYE Mini Stop", "text2":" price 1.208", "datetime1":" 06/04/1981 13:00:00", "stops1":" you"},

{"numerical1":" 1", "text1":" HELLO Hair Effects", "text2":" price 1.209", "datetime1":" 05/04/1981 08:00:00", "stops1":" your"},

{"numerical1":"", "text1":" GOODBYE", "text2":" price 1.21", "datetime1":" 04/04/1981 03:00:00", "stops1":" yours"},

{"numerical1":"", "text1":"", "text2":" price 1.211", "datetime1":" 03/03/1981 22:00:00", "stops1":" yourself"},

{"numerical1":"", "text1":"", "text2":" price 1.212", "datetime1":" 02/03/1981 17:00:00", "stops1":" yourselves"},

{"numerical1":"", "text1":"", "text2":" price 1.213", "datetime1":" 01/03/1981 12:00:00", "stops1":" he"},

{"numerical1":"", "text1":"", "text2":" price 1.214", "datetime1":" 12/03/1980 07:00:00", "stops1":" him"},

{"numerical1":"", "text1":"", "text2":" price 1.215", "datetime1":" 11/03/1980 02:00:00", "stops1":" his"},

{"numerical1":"", "text1":"", "text2":" price 1.216", "datetime1":" 10/02/1980 21:00:00", "stops1":" himself"},

{"numerical1":"", "text1":"", "text2":" price 1.217", "datetime1":" 09/02/1980 16:00:00", "stops1":" she"},

{"numerical1":"", "text1":"", "text2":" price 1.218", "datetime1":" 08/02/1980 11:00:00", "stops1":" her"},

{"numerical1":"", "text1":"", "text2":" price 1.219", "datetime1":" 07/02/1980 06:00:00", "stops1":" hers"},

{"numerical1":"", "text1":"", "text2":" price 1.22", "datetime1":" 06/02/1980 01:00:00", "stops1":" herself"},

{"numerical1":"", "text1":"", "text2":" price 1.221", "datetime1":" 05/01/1980 20:00:00", "stops1":" it"},

{"numerical1":"", "text1":"", "text2":" price 1.222", "datetime1":" 04/01/1980 15:00:00", "stops1":" its"},

{"numerical1":"", "text1":"", "text2":" price 1.223", "datetime1":" 03/01/1980 10:00:00", "stops1":" itself"},

{"numerical1":"", "text1":"", "text2":" price 1.224", "datetime1":" 02/01/1980 05:00:00", "stops1":" they"}
